0	ipad pro m4
0	iphone 1 тб севастополь
0	iphone 1 тб симферополь
0	iphone 1 тб цена
0	iphone 128 гб купить
0	iphone 128 гб севастополь
0	iphone 128 гб симферополь
0	iphone 128 гб цена
0	iphone 13 128gb купить
0	iphone 13 128gb севастополь
0	iphone 13 128gb симферополь
0	iphone 13 starlight купить
0	iphone 13 starlight севастополь
0	iphone 13 starlight симферополь
0	iphone 13 starlight цена
0	iphone 16 128 купить
0	iphone 16 512 гб купить
0	iphone 16 black купить
0	iphone 16 black севастополь
0	iphone 16 black симферополь
2	iphone 13 128gb цена
3	ipad air 11 2025
3	ipad air купить
5	ipad цена
6	ipad pro 13 m4
0	iphone 16 black цена
0	iphone 16 pink цена
0	iphone 16 plus 128gb купить
0	iphone 16 plus 256 купить
0	iphone 16 plus 512 гб купить
0	iphone 16 plus black
0	iphone 16 plus black 512gb купить
0	iphone 16 plus ultramarine купить
0	iphone 16 plus white 512gb купить
0	iphone 16 plus белый купить
0	iphone 16 plus бирюзовый купить
0	iphone 16 plus розовый купить
0	iphone 16 pro 128 гб
0	iphone 16 teal купить
0	iphone 16 teal севастополь
0	iphone 16 teal симферополь
0	iphone 16 teal цена
0	iphone 16 ultramarine севастополь
0	iphone 16 ultramarine симферополь
0	iphone 16 ultramarine цена
0	iphone 16 white купить
0	iphone 16 white севастополь
0	iphone 16 white симферополь
1	iphone 16 pro max пустынный титан
3	iphone 16 pro max 256
0	iphone 16 white цена
0	iphone 16 бирюзовый севастополь
0	iphone 16 зеленый
0	iphone 16 купить крым
0	iphone 16 розовый
0	iphone 16 розовый севастополь
0	iphone 16 севастополь
0	iphone 16 ультрамарин купить
0	iphone 16 черный
0	iphone 16 черный купить
0	iphone 16 черный севастополь
0	iphone 16e 128 цена
0	iphone 16e 128gb севастополь
0	iphone 16e 128gb симферополь
0	iphone 16e 256gb купить
0	iphone 16e 256gb севастополь
0	iphone 16e 256gb симферополь
0	iphone 16e 256gb цена
0	iphone 16e 512 купить
0	iphone 16e 512 севастополь
0	iphone 16e 512 цена
0	iphone 16e black севастополь
0	iphone 16e black симферополь
0	iphone 16e black цена
0	iphone 16e white купить
0	iphone 16e white севастополь
0	iphone 16e white симферополь
0	iphone 16e white цена
0	iphone 16e черный крым
0	iphone 16e черный купить
0	iphone 16e черный севастополь
0	iphone 17 pro 1 tb
0	iphone 17 pro 1 тб купить
0	iphone 17 pro 256 гб
0	iphone 17 pro 512 гб
0	iphone 17 pro 512 гб купить
0	iphone 17 pro deep blue
0	iphone 17 pro deep blue купить
0	iphone 17 pro max 256 гб
0	iphone 17 pro max 256 гб купить
0	iphone 17 pro max 512 гб
0	iphone 17 pro max deep blue
0	iphone 17 pro max silver купить
0	iphone 17 pro max оранжевый купить
0	iphone 17 pro max темно-синий купить
0	iphone 17 pro silver купить
2	iphone 17 pro max 1 тб купить
2	iphone 17 pro max серебристый
7	iphone 17 pro max 512 гб купить
RETRY	iphone 17 pro оранжевый купить
